source,part,method,load_error,extent_x_m,extent_y_m,extent_z_m,bytes,seconds,scale_gate,status,kind,link,id,joint,owning_link
E:\Codex\Documents-Codex\roboto-lite-infra-portfolio\roboto_xw\reference\zeroth01\generated\cad\physical_mount_v1\skeleton\3215_1Flange.stl,E:\Codex\Documents-Codex\roboto-lite-infra-portfolio\roboto_xw\reference\zeroth01\generated\solidworks\physical_mount_v1\parts\skeleton\ZEROTH01_PHYSICAL_MOUNT_V1_3215_1FLANGE_CARRIER.SLDPRT,reuse_existing_interactive_stl_surface_part,0,0.10662976279854774,0.035040002316236496,0.035040000337176025,679461,3.863532543182373,PASS,PASS,carrier,3215_1Flange,,,
E:\Codex\Documents-Codex\roboto-lite-infra-portfolio\roboto_xw\reference\zeroth01\generated\cad\physical_mount_v1\skeleton\3215_1Flange_2.stl,E:\Codex\Documents-Codex\roboto-lite-infra-portfolio\roboto_xw\reference\zeroth01\generated\solidworks\physical_mount_v1\parts\skeleton\ZEROTH01_PHYSICAL_MOUNT_V1_3215_1FLANGE_2_CARRIER.SLDPRT,reuse_existing_interactive_stl_surface_part,0,0.10662976279854774,0.035040002316236496,0.035040000337176025,682711,1.0865027904510498,PASS,PASS,carrier,3215_1Flange_2,,,
E:\Codex\Documents-Codex\roboto-lite-infra-portfolio\roboto_xw\reference\zeroth01\generated\cad\physical_mount_v1\skeleton\3215_BothFlange_10.stl,E:\Codex\Documents-Codex\roboto-lite-infra-portfolio\roboto_xw\reference\zeroth01\generated\solidworks\physical_mount_v1\parts\skeleton\ZEROTH01_PHYSICAL_MOUNT_V1_3215_BOTHFLANGE_10_CARRIER.SLDPRT,reuse_existing_interactive_stl_surface_part,0,0.10451276833191514,0.03684866987168789,0.04064000165089965,1228182,1.1239137649536133,PASS,PASS,carrier,3215_BothFlange_10,,,
E:\Codex\Documents-Codex\roboto-lite-infra-portfolio\roboto_xw\reference\zeroth01\generated\cad\physical_mount_v1\skeleton\3215_BothFlange_13.stl,E:\Codex\Documents-Codex\roboto-lite-infra-portfolio\roboto_xw\reference\zeroth01\generated\solidworks\physical_mount_v1\parts\skeleton\ZEROTH01_PHYSICAL_MOUNT_V1_3215_BOTHFLANGE_13_CARRIER.SLDPRT,reuse_existing_interactive_stl_surface_part,0,0.08907703449949622,0.032759977504611015,0.03484000253956765,633100,1.0643706321716309,PASS,PASS,carrier,3215_BothFlange_13,,,
E:\Codex\Documents-Codex\roboto-lite-infra-portfolio\roboto_xw\reference\zeroth01\generated\cad\physical_mount_v1\skeleton\3215_BothFlange_14.stl,E:\Codex\Documents-Codex\roboto-lite-infra-portfolio\roboto_xw\reference\zeroth01\generated\solidworks\physical_mount_v1\parts\skeleton\ZEROTH01_PHYSICAL_MOUNT_V1_3215_BOTHFLANGE_14_CARRIER.SLDPRT,reuse_existing_interactive_stl_surface_part,0,0.08907703449949622,0.032759975641965866,0.03504000254906714,630442,1.081622838973999,PASS,PASS,carrier,3215_BothFlange_14,,,
E:\Codex\Documents-Codex\roboto-lite-infra-portfolio\roboto_xw\reference\zeroth01\generated\cad\physical_mount_v1\skeleton\3215_BothFlange_5.stl,E:\Codex\Documents-Codex\roboto-lite-infra-portfolio\roboto_xw\reference\zeroth01\generated\solidworks\physical_mount_v1\parts\skeleton\ZEROTH01_PHYSICAL_MOUNT_V1_3215_BOTHFLANGE_5_CARRIER.SLDPRT,reuse_existing_interactive_stl_surface_part,0,0.044025651179254055,0.05480293929576874,0.03504000077373348,578248,1.0730574131011963,PASS,PASS,carrier,3215_BothFlange_5,,,
E:\Codex\Documents-Codex\roboto-lite-infra-portfolio\roboto_xw\reference\zeroth01\generated\cad\physical_mount_v1\skeleton\3215_BothFlange_6.stl,E:\Codex\Documents-Codex\roboto-lite-infra-portfolio\roboto_xw\reference\zeroth01\generated\solidworks\physical_mount_v1\parts\skeleton\ZEROTH01_PHYSICAL_MOUNT_V1_3215_BOTHFLANGE_6_CARRIER.SLDPRT,reuse_existing_interactive_stl_surface_part,0,0.044025653041899204,0.05480293929576874,0.03503999998793006,592099,1.0372068881988525,PASS,PASS,carrier,3215_BothFlange_6,,,
E:\Codex\Documents-Codex\roboto-lite-infra-portfolio\roboto_xw\reference\zeroth01\generated\cad\physical_mount_v1\skeleton\3215_BothFlange_9.stl,E:\Codex\Documents-Codex\roboto-lite-infra-portfolio\roboto_xw\reference\zeroth01\generated\solidworks\physical_mount_v1\parts\skeleton\ZEROTH01_PHYSICAL_MOUNT_V1_3215_BOTHFLANGE_9_CARRIER.SLDPRT,reuse_existing_interactive_stl_surface_part,0,0.104512769728899,0.03684866987168789,0.040639999555423856,1260040,1.0925624370574951,PASS,PASS,carrier,3215_BothFlange_9,,,
E:\Codex\Documents-Codex\roboto-lite-infra-portfolio\roboto_xw\reference\zeroth01\generated\cad\physical_mount_v1\skeleton\FINGER_1.stl,E:\Codex\Documents-Codex\roboto-lite-infra-portfolio\roboto_xw\reference\zeroth01\generated\solidworks\physical_mount_v1\parts\skeleton\ZEROTH01_PHYSICAL_MOUNT_V1_FINGER_1_CARRIER.SLDPRT,reuse_existing_interactive_stl_surface_part,0,0.026911133900284767,0.07625205535441637,0.040639999555423856,2121297,1.141343593597412,PASS,PASS,carrier,FINGER_1,,,
E:\Codex\Documents-Codex\roboto-lite-infra-portfolio\roboto_xw\reference\zeroth01\generated\cad\physical_mount_v1\skeleton\FINGER_1_2.stl,E:\Codex\Documents-Codex\roboto-lite-infra-portfolio\roboto_xw\reference\zeroth01\generated\solidworks\physical_mount_v1\parts\skeleton\ZEROTH01_PHYSICAL_MOUNT_V1_FINGER_1_2_CARRIER.SLDPRT,reuse_existing_interactive_stl_surface_part,0,0.026911132037639618,0.07625205535441637,0.040640001418069005,2136429,1.1465940475463867,PASS,PASS,carrier,FINGER_1_2,,,
E:\Codex\Documents-Codex\roboto-lite-infra-portfolio\roboto_xw\reference\zeroth01\generated\cad\physical_mount_v1\skeleton\FOOT.stl,E:\Codex\Documents-Codex\roboto-lite-infra-portfolio\roboto_xw\reference\zeroth01\generated\solidworks\physical_mount_v1\parts\skeleton\ZEROTH01_PHYSICAL_MOUNT_V1_FOOT_CARRIER.SLDPRT,reuse_existing_interactive_stl_surface_part,0,0.08995000459253788,0.0455683832988143,0.04043999977875501,1299643,1.113480806350708,PASS,PASS,carrier,FOOT,,,
E:\Codex\Documents-Codex\roboto-lite-infra-portfolio\roboto_xw\reference\zeroth01\generated\cad\physical_mount_v1\skeleton\FOOT_2.stl,E:\Codex\Documents-Codex\roboto-lite-infra-portfolio\roboto_xw\reference\zeroth01\generated\solidworks\physical_mount_v1\parts\skeleton\ZEROTH01_PHYSICAL_MOUNT_V1_FOOT_2_CARRIER.SLDPRT,reuse_existing_interactive_stl_surface_part,0,0.08995000459253788,0.045568379573524,0.04043999931309372,1225844,1.0942556858062744,PASS,PASS,carrier,FOOT_2,,,
E:\Codex\Documents-Codex\roboto-lite-infra-portfolio\roboto_xw\reference\zeroth01\generated\cad\physical_mount_v1\skeleton\IMU.stl,E:\Codex\Documents-Codex\roboto-lite-infra-portfolio\roboto_xw\reference\zeroth01\generated\solidworks\physical_mount_v1\parts\skeleton\ZEROTH01_PHYSICAL_MOUNT_V1_IMU_2_CARRIER.SLDPRT,reuse_existing_interactive_stl_surface_part,0,0.025499999290332198,0.02050000079907477,0.005200000014156103,239688,1.064577579498291,PASS,PASS,carrier,IMU_2,,,
E:\Codex\Documents-Codex\roboto-lite-infra-portfolio\roboto_xw\reference\zeroth01\generated\cad\physical_mount_v1\skeleton\L_ARM_MIRROR_1.stl,E:\Codex\Documents-Codex\roboto-lite-infra-portfolio\roboto_xw\reference\zeroth01\generated\solidworks\physical_mount_v1\parts\skeleton\ZEROTH01_PHYSICAL_MOUNT_V1_L_ARM_MIRROR_1_CARRIER.SLDPRT,reuse_existing_interactive_stl_surface_part,0,0.03976183570921421,0.14317752420902252,0.04064000037033111,4602111,1.3580412864685059,PASS,PASS,carrier,L_ARM_MIRROR_1,,,
E:\Codex\Documents-Codex\roboto-lite-infra-portfolio\roboto_xw\reference\zeroth01\generated\cad\physical_mount_v1\skeleton\R_ARM_MIRROR_1.stl,E:\Codex\Documents-Codex\roboto-lite-infra-portfolio\roboto_xw\reference\zeroth01\generated\solidworks\physical_mount_v1\parts\skeleton\ZEROTH01_PHYSICAL_MOUNT_V1_R_ARM_MIRROR_1_CARRIER.SLDPRT,reuse_existing_interactive_stl_surface_part,0,0.14307752437889576,0.03977058734744787,0.04064000304788351,4754913,1.3168509006500244,PASS,PASS,carrier,R_ARM_MIRROR_1,,,
E:\Codex\Documents-Codex\roboto-lite-infra-portfolio\roboto_xw\reference\zeroth01\generated\cad\physical_mount_v1\skeleton\U_HIP_L.stl,E:\Codex\Documents-Codex\roboto-lite-infra-portfolio\roboto_xw\reference\zeroth01\generated\solidworks\physical_mount_v1\parts\skeleton\ZEROTH01_PHYSICAL_MOUNT_V1_U_HIP_L_CARRIER.SLDPRT,reuse_existing_interactive_stl_surface_part,0,0.053235650062561035,0.04043932259082794,0.0702799865975976,741597,1.098658561706543,PASS,PASS,carrier,U_HIP_L,,,
E:\Codex\Documents-Codex\roboto-lite-infra-portfolio\roboto_xw\reference\zeroth01\generated\cad\physical_mount_v1\skeleton\U_HIP_R.stl,E:\Codex\Documents-Codex\roboto-lite-infra-portfolio\roboto_xw\reference\zeroth01\generated\solidworks\physical_mount_v1\parts\skeleton\ZEROTH01_PHYSICAL_MOUNT_V1_U_HIP_R_CARRIER.SLDPRT,reuse_existing_interactive_stl_surface_part,0,0.053235650062561035,0.04043932259082794,0.0702799865975976,725773,1.097560167312622,PASS,PASS,carrier,U_HIP_R,,,
E:\Codex\Documents-Codex\roboto-lite-infra-portfolio\roboto_xw\reference\zeroth01\generated\cad\physical_mount_v1\skeleton\Z_BOT2_MASTER_BODY_SKELETON.stl,E:\Codex\Documents-Codex\roboto-lite-infra-portfolio\roboto_xw\reference\zeroth01\generated\solidworks\physical_mount_v1\parts\skeleton\ZEROTH01_PHYSICAL_MOUNT_V1_Z_BOT2_MASTER_BODY_SKELETON_CARRIER.SLDPRT,reuse_existing_interactive_stl_surface_part,0,0.1346050575375557,0.10376729816198349,0.1893593892455101,3207402,1.3142902851104736,PASS,PASS,carrier,Z_BOT2_MASTER_BODY_SKELETON,,,
E:\Codex\Documents-Codex\roboto-lite-infra-portfolio\roboto_xw\reference\zeroth01\generated\cad\physical_mount_v1\skeleton\Z_BOT2_MASTER_SHOULDER2.stl,E:\Codex\Documents-Codex\roboto-lite-infra-portfolio\roboto_xw\reference\zeroth01\generated\solidworks\physical_mount_v1\parts\skeleton\ZEROTH01_PHYSICAL_MOUNT_V1_Z_BOT2_MASTER_SHOULDER2_CARRIER.SLDPRT,reuse_existing_interactive_stl_surface_part,0,0.029785447753965855,0.029842346906661987,0.04063999990466982,651850,1.1192283630371094,PASS,PASS,carrier,Z_BOT2_MASTER_SHOULDER2,,,
E:\Codex\Documents-Codex\roboto-lite-infra-portfolio\roboto_xw\reference\zeroth01\generated\cad\physical_mount_v1\skeleton\Z_BOT2_MASTER_SHOULDER2_2.stl,E:\Codex\Documents-Codex\roboto-lite-infra-portfolio\roboto_xw\reference\zeroth01\generated\solidworks\physical_mount_v1\parts\skeleton\ZEROTH01_PHYSICAL_MOUNT_V1_Z_BOT2_MASTER_SHOULDER2_2_CARRIER.SLDPRT,reuse_existing_interactive_stl_surface_part,0,0.029785447753965855,0.02984234690666199,0.040640001418069005,647112,1.0867884159088135,PASS,PASS,carrier,Z_BOT2_MASTER_SHOULDER2_2,,,
E:\Codex\Documents-Codex\roboto-lite-infra-portfolio\roboto_xw\reference\zeroth01\generated\cad\physical_mount_v1\servos\S01_right_shoulder_pitch_INSTALLED_STS3215_FAMILY.stl,E:\Codex\Documents-Codex\roboto-lite-infra-portfolio\roboto_xw\reference\zeroth01\generated\solidworks\physical_mount_v1\parts\servos\S01_INSTALLED_STS3215_FAMILY_REFERENCE_RIGHT_SHOULDER_PITCH.SLDPRT,reuse_existing_interactive_stl_surface_part,0,0.0452227583155036,0.024722576141357422,0.03739971995837019,2014921,1.1352527141571045,PASS,PASS,servo,,S01,right_shoulder_pitch,3215_1Flange_2
E:\Codex\Documents-Codex\roboto-lite-infra-portfolio\roboto_xw\reference\zeroth01\generated\cad\physical_mount_v1\servos\S02_left_shoulder_pitch_INSTALLED_STS3215_FAMILY.stl,E:\Codex\Documents-Codex\roboto-lite-infra-portfolio\roboto_xw\reference\zeroth01\generated\solidworks\physical_mount_v1\parts\servos\S02_INSTALLED_STS3215_FAMILY_REFERENCE_LEFT_SHOULDER_PITCH.SLDPRT,reuse_existing_interactive_stl_surface_part,0,0.0452227583155036,0.024722576141357422,0.03739971995837019,2015707,1.1627330780029297,PASS,PASS,servo,,S02,left_shoulder_pitch,3215_1Flange
E:\Codex\Documents-Codex\roboto-lite-infra-portfolio\roboto_xw\reference\zeroth01\generated\cad\physical_mount_v1\servos\S03_right_shoulder_yaw_INSTALLED_STS3215_FAMILY.stl,E:\Codex\Documents-Codex\roboto-lite-infra-portfolio\roboto_xw\reference\zeroth01\generated\solidworks\physical_mount_v1\parts\servos\S03_INSTALLED_STS3215_FAMILY_REFERENCE_RIGHT_SHOULDER_YAW.SLDPRT,reuse_existing_interactive_stl_surface_part,0,0.045116743072867393,0.037399718537926674,0.027870950754731894,654615,1.1120357513427734,PASS,PASS,servo,,S03,right_shoulder_yaw,Z_BOT2_MASTER_BODY_SKELETON
E:\Codex\Documents-Codex\roboto-lite-infra-portfolio\roboto_xw\reference\zeroth01\generated\cad\physical_mount_v1\servos\S04_right_hip_pitch_INSTALLED_STS3215_FAMILY.stl,E:\Codex\Documents-Codex\roboto-lite-infra-portfolio\roboto_xw\reference\zeroth01\generated\solidworks\physical_mount_v1\parts\servos\S04_INSTALLED_STS3215_FAMILY_REFERENCE_RIGHT_HIP_PITCH.SLDPRT,reuse_existing_interactive_stl_surface_part,0,0.045222717337310314,0.024722576141357422,0.03739971995837019,3710902,1.3205599784851074,PASS,PASS,servo,,S04,right_hip_pitch,3215_BothFlange_10
E:\Codex\Documents-Codex\roboto-lite-infra-portfolio\roboto_xw\reference\zeroth01\generated\cad\physical_mount_v1\servos\S05_left_hip_pitch_INSTALLED_STS3215_FAMILY.stl,E:\Codex\Documents-Codex\roboto-lite-infra-portfolio\roboto_xw\reference\zeroth01\generated\solidworks\physical_mount_v1\parts\servos\S05_INSTALLED_STS3215_FAMILY_REFERENCE_LEFT_HIP_PITCH.SLDPRT,reuse_existing_interactive_stl_surface_part,0,0.0452227583155036,0.024722576141357422,0.03739971995837019,3721481,1.3111579418182373,PASS,PASS,servo,,S05,left_hip_pitch,3215_BothFlange_9
E:\Codex\Documents-Codex\roboto-lite-infra-portfolio\roboto_xw\reference\zeroth01\generated\cad\physical_mount_v1\servos\S06_left_shoulder_yaw_INSTALLED_STS3215_FAMILY.stl,E:\Codex\Documents-Codex\roboto-lite-infra-portfolio\roboto_xw\reference\zeroth01\generated\solidworks\physical_mount_v1\parts\servos\S06_INSTALLED_STS3215_FAMILY_REFERENCE_LEFT_SHOULDER_YAW.SLDPRT,reuse_existing_interactive_stl_surface_part,0,0.04511656053364277,0.03727472014725208,0.027870950754731894,652119,1.0967631340026855,PASS,PASS,servo,,S06,left_shoulder_yaw,Z_BOT2_MASTER_BODY_SKELETON
E:\Codex\Documents-Codex\roboto-lite-infra-portfolio\roboto_xw\reference\zeroth01\generated\cad\physical_mount_v1\servos\S07_right_hip_yaw_INSTALLED_STS3215_FAMILY.stl,E:\Codex\Documents-Codex\roboto-lite-infra-portfolio\roboto_xw\reference\zeroth01\generated\solidworks\physical_mount_v1\parts\servos\S07_INSTALLED_STS3215_FAMILY_REFERENCE_RIGHT_HIP_YAW.SLDPRT,reuse_existing_interactive_stl_surface_part,0,0.045116743072867393,0.024722576141357422,0.037274718284606934,522879,1.11141037940979,PASS,PASS,servo,,S07,right_hip_yaw,Z_BOT2_MASTER_BODY_SKELETON
E:\Codex\Documents-Codex\roboto-lite-infra-portfolio\roboto_xw\reference\zeroth01\generated\cad\physical_mount_v1\servos\S08_left_hip_yaw_INSTALLED_STS3215_FAMILY.stl,E:\Codex\Documents-Codex\roboto-lite-infra-portfolio\roboto_xw\reference\zeroth01\generated\solidworks\physical_mount_v1\parts\servos\S08_INSTALLED_STS3215_FAMILY_REFERENCE_LEFT_HIP_YAW.SLDPRT,reuse_existing_interactive_stl_surface_part,0,0.04511674540117383,0.024722576141357422,0.037274718284606934,535522,1.1026296615600586,PASS,PASS,servo,,S08,left_hip_yaw,Z_BOT2_MASTER_BODY_SKELETON
E:\Codex\Documents-Codex\roboto-lite-infra-portfolio\roboto_xw\reference\zeroth01\generated\cad\physical_mount_v1\servos\S09_right_elbow_yaw_INSTALLED_STS3215_FAMILY.stl,E:\Codex\Documents-Codex\roboto-lite-infra-portfolio\roboto_xw\reference\zeroth01\generated\solidworks\physical_mount_v1\parts\servos\S09_INSTALLED_STS3215_FAMILY_REFERENCE_RIGHT_ELBOW_YAW.SLDPRT,reuse_existing_interactive_stl_surface_part,0,0.04522275924682617,0.03739972040057182,0.02472257846966386,2364258,1.2498712539672852,PASS,PASS,servo,,S09,right_elbow_yaw,3215_1Flange_2
E:\Codex\Documents-Codex\roboto-lite-infra-portfolio\roboto_xw\reference\zeroth01\generated\cad\physical_mount_v1\servos\S10_left_elbow_yaw_INSTALLED_STS3215_FAMILY.stl,E:\Codex\Documents-Codex\roboto-lite-infra-portfolio\roboto_xw\reference\zeroth01\generated\solidworks\physical_mount_v1\parts\servos\S10_INSTALLED_STS3215_FAMILY_REFERENCE_LEFT_ELBOW_YAW.SLDPRT,reuse_existing_interactive_stl_surface_part,0,0.04522275552153587,0.03739972040057182,0.024722577072679996,2394519,1.2598474025726318,PASS,PASS,servo,,S10,left_elbow_yaw,3215_1Flange
E:\Codex\Documents-Codex\roboto-lite-infra-portfolio\roboto_xw\reference\zeroth01\generated\cad\physical_mount_v1\servos\S11_right_hip_roll_INSTALLED_STS3215_FAMILY.stl,E:\Codex\Documents-Codex\roboto-lite-infra-portfolio\roboto_xw\reference\zeroth01\generated\solidworks\physical_mount_v1\parts\servos\S11_INSTALLED_STS3215_FAMILY_REFERENCE_RIGHT_HIP_ROLL.SLDPRT,reuse_existing_interactive_stl_surface_part,0,0.0452227583155036,0.024722576141357422,0.03739971995837019,4364678,1.343977689743042,PASS,PASS,servo,,S11,right_hip_roll,3215_BothFlange_6
E:\Codex\Documents-Codex\roboto-lite-infra-portfolio\roboto_xw\reference\zeroth01\generated\cad\physical_mount_v1\servos\S12_left_hip_roll_INSTALLED_STS3215_FAMILY.stl,E:\Codex\Documents-Codex\roboto-lite-infra-portfolio\roboto_xw\reference\zeroth01\generated\solidworks\physical_mount_v1\parts\servos\S12_INSTALLED_STS3215_FAMILY_REFERENCE_LEFT_HIP_ROLL.SLDPRT,reuse_existing_interactive_stl_surface_part,0,0.0452227583155036,0.024722576141357422,0.037399718537926674,4299786,1.324939489364624,PASS,PASS,servo,,S12,left_hip_roll,3215_BothFlange_5
E:\Codex\Documents-Codex\roboto-lite-infra-portfolio\roboto_xw\reference\zeroth01\generated\cad\physical_mount_v1\servos\S13_right_knee_pitch_INSTALLED_STS3215_FAMILY.stl,E:\Codex\Documents-Codex\roboto-lite-infra-portfolio\roboto_xw\reference\zeroth01\generated\solidworks\physical_mount_v1\parts\servos\S13_INSTALLED_STS3215_FAMILY_REFERENCE_RIGHT_KNEE_PITCH.SLDPRT,reuse_existing_interactive_stl_surface_part,0,0.0452227583155036,0.024722576141357422,0.03739971995837019,2160084,1.1542394161224365,PASS,PASS,servo,,S13,right_knee_pitch,3215_BothFlange_14
E:\Codex\Documents-Codex\roboto-lite-infra-portfolio\roboto_xw\reference\zeroth01\generated\cad\physical_mount_v1\servos\S14_left_knee_pitch_INSTALLED_STS3215_FAMILY.stl,E:\Codex\Documents-Codex\roboto-lite-infra-portfolio\roboto_xw\reference\zeroth01\generated\solidworks\physical_mount_v1\parts\servos\S14_INSTALLED_STS3215_FAMILY_REFERENCE_LEFT_KNEE_PITCH.SLDPRT,reuse_existing_interactive_stl_surface_part,0,0.0452227583155036,0.024722576141357422,0.03739971995837019,2159740,1.2443554401397705,PASS,PASS,servo,,S14,left_knee_pitch,3215_BothFlange_13
E:\Codex\Documents-Codex\roboto-lite-infra-portfolio\roboto_xw\reference\zeroth01\generated\cad\physical_mount_v1\servos\S15_right_ankle_pitch_INSTALLED_STS3215_FAMILY.stl,E:\Codex\Documents-Codex\roboto-lite-infra-portfolio\roboto_xw\reference\zeroth01\generated\solidworks\physical_mount_v1\parts\servos\S15_INSTALLED_STS3215_FAMILY_REFERENCE_RIGHT_ANKLE_PITCH.SLDPRT,reuse_existing_interactive_stl_surface_part,0,0.04522275924682617,0.024722578935325146,0.03739972151538584,2302673,1.1478185653686523,PASS,PASS,servo,,S15,right_ankle_pitch,3215_BothFlange_14
E:\Codex\Documents-Codex\roboto-lite-infra-portfolio\roboto_xw\reference\zeroth01\generated\cad\physical_mount_v1\servos\S16_left_ankle_pitch_INSTALLED_STS3215_FAMILY.stl,E:\Codex\Documents-Codex\roboto-lite-infra-portfolio\roboto_xw\reference\zeroth01\generated\solidworks\physical_mount_v1\parts\servos\S16_INSTALLED_STS3215_FAMILY_REFERENCE_LEFT_ANKLE_PITCH.SLDPRT,reuse_existing_interactive_stl_surface_part,0,0.04522275924682617,0.024722578935325146,0.03739972117182333,2305228,1.1629884243011475,PASS,PASS,servo,,S16,left_ankle_pitch,3215_BothFlange_13
