source_step,native_part,method,load_error,save_code,bytes,extent_x_mm,extent_y_mm,extent_z_mm,seconds,status,role
generated\cad\round_v1\parts\ZEROTH01_ROUND_V1_CHEST_FRONT.step,generated\solidworks\round_v1\parts\ZEROTH01_ROUND_V1_CHEST_FRONT.SLDPRT,reuse_current_native_SLDPRT,0,0,201287,178.000000,37.825000,130.000000,0.014,PASS,round_v1_printed_overlay
generated\cad\round_v1\parts\ZEROTH01_ROUND_V1_CHEST_BACK.step,generated\solidworks\round_v1\parts\ZEROTH01_ROUND_V1_CHEST_BACK.SLDPRT,reuse_current_native_SLDPRT,0,0,192711,178.000000,37.825000,130.000000,0.012,PASS,round_v1_printed_overlay
generated\cad\round_v1\parts\ZEROTH01_ROUND_V1_HEAD_FRONT.step,generated\solidworks\round_v1\parts\ZEROTH01_ROUND_V1_HEAD_FRONT.SLDPRT,reuse_current_native_SLDPRT,0,0,428060,151.386171,58.409211,101.932690,0.012,PASS,round_v1_printed_overlay
generated\cad\round_v1\parts\ZEROTH01_ROUND_V1_HEAD_BACK.step,generated\solidworks\round_v1\parts\ZEROTH01_ROUND_V1_HEAD_BACK.SLDPRT,reuse_current_native_SLDPRT,0,0,399675,153.214592,67.282032,102.000000,0.012,PASS,round_v1_printed_overlay
generated\cad\round_v1\parts\ZEROTH01_ROUND_V1_PELVIS_FRONT.step,generated\solidworks\round_v1\parts\ZEROTH01_ROUND_V1_PELVIS_FRONT.SLDPRT,reuse_current_native_SLDPRT,0,0,274363,106.377240,33.825000,62.000000,0.011,PASS,round_v1_printed_overlay
generated\cad\round_v1\parts\ZEROTH01_ROUND_V1_PELVIS_BACK.step,generated\solidworks\round_v1\parts\ZEROTH01_ROUND_V1_PELVIS_BACK.SLDPRT,reuse_current_native_SLDPRT,0,0,234956,108.000000,33.825000,62.000000,0.014,PASS,round_v1_printed_overlay
generated\cad\round_v1\parts\ZEROTH01_ROUND_V1_MUZZLE_BADGE.step,generated\solidworks\round_v1\parts\ZEROTH01_ROUND_V1_MUZZLE_BADGE.SLDPRT,reuse_current_native_SLDPRT,0,0,186381,40.000000,11.547005,22.000000,0.013,PASS,round_v1_printed_overlay
generated\cad\round_v1\parts\ZEROTH01_ROUND_V1_VISOR_BADGE.step,generated\solidworks\round_v1\parts\ZEROTH01_ROUND_V1_VISOR_BADGE.SLDPRT,reuse_current_native_SLDPRT,0,0,160999,100.000000,9.699485,46.000000,0.012,PASS,round_v1_printed_overlay
generated\cad\round_v1\parts\ZEROTH01_ROUND_V1_CAMERA_LENSES.step,generated\solidworks\round_v1\parts\ZEROTH01_ROUND_V1_CAMERA_LENSES.SLDPRT,reuse_current_native_SLDPRT,0,0,293135,60.300000,7.040341,37.800000,0.012,PASS,sensor_window_visual
generated\cad\round_v1\parts\ZEROTH01_ROUND_V1_TORSO_SPINE.step,generated\solidworks\round_v1\parts\ZEROTH01_ROUND_V1_TORSO_SPINE.SLDPRT,reuse_current_native_SLDPRT,0,0,193191,144.000000,16.000000,196.000000,0.011,PASS,internal_parent_frame_structure
generated\cad\round_v1\parts\ZEROTH01_ROUND_V2_EYE_DISPLAY_MODULE.step,generated\solidworks\round_v1\parts\ZEROTH01_ROUND_V2_EYE_DISPLAY_MODULE.SLDPRT,reuse_current_native_SLDPRT,0,0,450600,51.085257,20.111903,1.861479,0.013,PASS,selected_vendor_head_display_exact_step
generated\cad\round_v1\parts\ZEROTH01_ROUND_V1_CAMERA_MODULE.step,generated\solidworks\round_v1\parts\ZEROTH01_ROUND_V1_CAMERA_MODULE.SLDPRT,reuse_current_native_SLDPRT,0,0,115638,25.000000,11.400000,23.862000,0.013,PASS,selected_vendor_camera_exact_step
generated\cad\round_v1\parts\ZEROTH01_ROUND_V2_TOF_MODULE.step,generated\solidworks\round_v1\parts\ZEROTH01_ROUND_V2_TOF_MODULE.SLDPRT,reuse_current_native_SLDPRT,0,0,120645,12.000000,3.000000,10.000000,0.011,PASS,selected_sensor_assumed_carrier_envelope
generated\cad\round_v1\parts\ZEROTH01_ROUND_V1_IMU_MODULE.step,generated\solidworks\round_v1\parts\ZEROTH01_ROUND_V1_IMU_MODULE.SLDPRT,reuse_current_native_SLDPRT,0,0,100137,32.000000,25.000000,8.000000,0.012,PASS,assumed_rl_electronics_envelope
generated\cad\round_v1\parts\ZEROTH01_ROUND_V1_COMPUTE_MODULE.step,generated\solidworks\round_v1\parts\ZEROTH01_ROUND_V1_COMPUTE_MODULE.SLDPRT,reuse_current_native_SLDPRT,0,0,107617,105.000000,20.000000,70.000000,0.012,PASS,assumed_rl_electronics_envelope
generated\cad\round_v1\parts\ZEROTH01_ROUND_V1_BATTERY_PACK.step,generated\solidworks\round_v1\parts\ZEROTH01_ROUND_V1_BATTERY_PACK.SLDPRT,reuse_current_native_SLDPRT,0,0,117563,75.000000,38.000000,38.000000,0.011,PASS,assumed_rl_electronics_envelope
generated\cad\round_v1\parts\ZEROTH01_ROUND_V1_LEFT_SOLE.step,generated\solidworks\round_v1\parts\ZEROTH01_ROUND_V1_LEFT_SOLE.SLDPRT,reuse_current_native_SLDPRT,0,0,143243,112.000000,16.000000,64.000000,0.012,PASS,round_v1_printed_overlay
generated\cad\round_v1\parts\ZEROTH01_ROUND_V1_RIGHT_SOLE.step,generated\solidworks\round_v1\parts\ZEROTH01_ROUND_V1_RIGHT_SOLE.SLDPRT,reuse_current_native_SLDPRT,0,0,143446,112.000000,16.000000,64.000000,0.013,PASS,round_v1_printed_overlay
generated\cad\round_v1\parts\ZEROTH01_ROUND_V1_JOINT_RING.step,generated\solidworks\round_v1\parts\ZEROTH01_ROUND_V1_JOINT_RING.SLDPRT,reuse_current_native_SLDPRT,0,0,65690,20.000000,20.000000,1.800000,0.012,PASS,nonphysical_S01_S16_position_marker_not_transmission_hardware
