row_type,id,joint,owning_link,servo_body_side_of_joint,joint_parent,joint_child,shaft_center_offset_mm,expected_offset_mm,offset_error_mm,carrier_mesh_present,gate,pair,right_id,left_id,world_mirror_plane,right_joint_origin_world_m,left_joint_origin_world_m,right_joint_axis_world,left_joint_axis_world,right_world_center_m,left_world_center_m,mirror_residual_mm,housing_center_mirror_error_mm,housing_axial_offset_mm,housing_transverse_mirror_error_mm,joint_origin_mirror_error_mm,joint_axis_line_mirror_error_mm,joint_axis_mirror_angle_error_deg,max_sorted_size_error_mm,strict_symmetry_gate
servo_axis,S01,right_shoulder_pitch,3215_1Flange_2,child,Z_BOT2_MASTER_SHOULDER2_2,3215_1Flange_2,12.500093,12.5,9.3e-05,True,PASS,,,,,,,,,,,,,,,,,,,
servo_axis,S02,left_shoulder_pitch,3215_1Flange,child,Z_BOT2_MASTER_SHOULDER2,3215_1Flange,12.500093,12.5,9.3e-05,True,PASS,,,,,,,,,,,,,,,,,,,
servo_axis,S03,right_shoulder_yaw,Z_BOT2_MASTER_BODY_SKELETON,parent,Z_BOT2_MASTER_BODY_SKELETON,Z_BOT2_MASTER_SHOULDER2_2,12.651467,12.5,0.151467,True,PASS,,,,,,,,,,,,,,,,,,,
servo_axis,S04,right_hip_pitch,3215_BothFlange_10,child,3215_BothFlange_6,3215_BothFlange_10,12.500072,12.5,7.2e-05,True,PASS,,,,,,,,,,,,,,,,,,,
servo_axis,S05,left_hip_pitch,3215_BothFlange_9,child,3215_BothFlange_5,3215_BothFlange_9,12.500093,12.5,9.3e-05,True,PASS,,,,,,,,,,,,,,,,,,,
servo_axis,S06,left_shoulder_yaw,Z_BOT2_MASTER_BODY_SKELETON,parent,Z_BOT2_MASTER_BODY_SKELETON,Z_BOT2_MASTER_SHOULDER2,12.651332,12.5,0.151332,True,PASS,,,,,,,,,,,,,,,,,,,
servo_axis,S07,right_hip_yaw,Z_BOT2_MASTER_BODY_SKELETON,parent,Z_BOT2_MASTER_BODY_SKELETON,U_HIP_R,12.552965,12.5,0.052965,True,PASS,,,,,,,,,,,,,,,,,,,
servo_axis,S08,left_hip_yaw,Z_BOT2_MASTER_BODY_SKELETON,parent,Z_BOT2_MASTER_BODY_SKELETON,U_HIP_L,12.552876,12.5,0.052876,True,PASS,,,,,,,,,,,,,,,,,,,
servo_axis,S09,right_elbow_yaw,3215_1Flange_2,parent,3215_1Flange_2,L_ARM_MIRROR_1,12.500289,12.5,0.000289,True,PASS,,,,,,,,,,,,,,,,,,,
servo_axis,S10,left_elbow_yaw,3215_1Flange,parent,3215_1Flange,R_ARM_MIRROR_1,12.500308,12.5,0.000308,True,PASS,,,,,,,,,,,,,,,,,,,
servo_axis,S11,right_hip_roll,3215_BothFlange_6,child,U_HIP_R,3215_BothFlange_6,12.500093,12.5,9.3e-05,True,PASS,,,,,,,,,,,,,,,,,,,
servo_axis,S12,left_hip_roll,3215_BothFlange_5,child,U_HIP_L,3215_BothFlange_5,12.500093,12.5,9.3e-05,True,PASS,,,,,,,,,,,,,,,,,,,
servo_axis,S13,right_knee_pitch,3215_BothFlange_14,child,3215_BothFlange_10,3215_BothFlange_14,12.500093,12.5,9.3e-05,True,PASS,,,,,,,,,,,,,,,,,,,
servo_axis,S14,left_knee_pitch,3215_BothFlange_13,child,3215_BothFlange_9,3215_BothFlange_13,12.500093,12.5,9.3e-05,True,PASS,,,,,,,,,,,,,,,,,,,
servo_axis,S15,right_ankle_pitch,3215_BothFlange_14,parent,3215_BothFlange_14,FOOT_2,12.500084,12.5,8.4e-05,True,PASS,,,,,,,,,,,,,,,,,,,
servo_axis,S16,left_ankle_pitch,3215_BothFlange_13,parent,3215_BothFlange_13,FOOT,12.500098,12.5,9.8e-05,True,PASS,,,,,,,,,,,,,,,,,,,
mirror_pair,,,,,,,,,,,,shoulder_pitch,S01,S02,Y=0,"[-0.008251189, -0.076833454, -0.014427994]","[-0.008128802, 0.076846504, -0.014427994]","[0.000796, 0.999999683, 3.27e-07]","[-0.000797, -0.999999682, 3.27e-07]","[-0.008266078, -0.095533304, -0.026928093]","[-0.008113902, 0.095546354, -0.026928093]","[0.152176, 0.01305, 0.0]",0.152734,0.012929,0.152186,0.123081,0.122397,0.091272177,0.0,PASS
mirror_pair,,,,,,,,,,,,shoulder_yaw,S03,S06,Y=0,"[0.010565406, -0.056003431, -0.009528]","[0.010654587, 0.055986533, -0.009528]","[-0.999999683, 0.000796327, 3.27e-07]","[-0.999999683, 0.000796673, 3.27e-07]","[-0.00912446, -0.043434622, -0.007953624]","[-0.008992775, 0.043449192, -0.007953624]","[0.131685, 0.01457, 0.0]",0.132489,0.131697,0.014465,0.090767,0.016969,0.091272177,0.124999,PASS
mirror_pair,,,,,,,,,,,,hip_pitch,S04,S05,Y=0,"[-0.008974206, -0.049260876, -0.171817994]","[-0.007495773, 0.049213985, -0.171817994]","[-0.000795307, -0.999999684, -3.27e-07]","[0.000795654, 0.999999683, -3.27e-07]","[-0.008959334, -0.030561018, -0.18431806]","[-0.007510643, 0.030514127, -0.184318081]","[1.44869, -0.046891, -2.1e-05]",1.449449,0.048044,1.448653,1.479176,1.478395,0.091155337,4.1e-05,REVIEW
mirror_pair,,,,,,,,,,,,hip_yaw,S07,S08,Y=0,"[-0.007769134, -0.042861827, -0.083418]","[-0.007700908, 0.042814146, -0.083418]","[3.46e-07, -0.0, -1.0]","[3.46e-07, -0.0, -1.0]","[-0.007759215, -0.030308866, -0.10305579]","[-0.007710982, 0.030261274, -0.10305579]","[0.048234, -0.047592, 0.0]",0.06776,0.0,0.06776,0.083236,0.083236,0.0,2e-06,PASS
mirror_pair,,,,,,,,,,,,elbow_yaw,S09,S10,Y=0,"[0.011533969, -0.095449178, -0.107412006]","[0.011685985, 0.095430687, -0.107412006]","[-0.999999683, 0.000796, 6.54e-07]","[-0.999999682, 0.000797327, -2e-08]","[-0.008166163, -0.095433876, -0.094911705]","[-0.008014148, 0.095446768, -0.094911699]","[0.152015, 0.012892, 6e-06]",0.152561,0.152025,0.012771,0.153137,0.018612,0.091290909,3e-06,PASS
mirror_pair,,,,,,,,,,,,hip_roll,S11,S12,Y=0,"[0.009930879, -0.042875916, -0.139817994]","[-0.025400883, 0.042828235, -0.139818006]","[0.999999683, -0.000795634, 2e-08]","[0.999999683, -0.00079598, 6.73e-07]","[-0.008759029, -0.030360948, -0.139817994]","[-0.00751098, 0.030313898, -0.139817994]","[1.248049, -0.047051, 0.0]",1.248936,1.248012,0.048044,35.331795,0.01957,0.091192793,1e-06,PASS
mirror_pair,,,,,,,,,,,,knee_pitch,S13,S14,Y=0,"[-0.018973199, -0.047992891, -0.271817994]","[-0.017496705, 0.047961909, -0.271818]","[-0.000795307, -0.999999684, -3.27e-07]","[0.000795654, 0.999999683, -3.27e-07]","[-0.018958326, -0.029293033, -0.284318081]","[-0.017511575, 0.029262051, -0.284318087]","[1.446751, -0.030982, -6e-06]",1.447083,0.032132,1.446726,1.476819,1.476468,0.091155337,0.0,REVIEW
mirror_pair,,,,,,,,,,,,ankle_pitch,S15,S16,Y=0,"[-0.018973992, -0.048992858, -0.371817994]","[-0.017496001, 0.048761876, -0.371818001]","[0.000795307, 0.999999684, 6.73e-07]","[-0.000795654, -0.999999683, -2e-08]","[-0.018958324, -0.029293012, -0.359317897]","[-0.017511685, 0.02906203, -0.359317903]","[1.446639, -0.230982, -6e-06]",1.464963,0.232132,1.446455,1.495931,1.477807,0.091155346,1e-06,REVIEW
